{"cameraMode":{"drawMode":0,"name":"Shaded","section":"Shading Mode"},"sceneLighting":false,"audioPlay":false,"sceneViewState":{"m_AlwaysRefresh":false,"showFog":true,"showSkybox":true,"showFlares":true,"showImageEffects":true,"showParticleSystems":true,"showVisualEffectGraphs":true,"m_FxEnabled":true},"in2DMode":false,"pivot":{"x":42.2047119140625,"y":7.098545074462891,"z":13.30160140991211},"rotation":{"x":0.06527888774871826,"y":-0.0023937791120260956,"z":0.00015178452304098755,"w":0.9978833794593811},"size":4.297525882720947,"orthographic":false}