{"cameraMode":{"drawMode":0,"name":"Shaded","section":"Shading Mode"},"sceneLighting":false,"audioPlay":false,"sceneViewState":{"m_AlwaysRefresh":false,"showFog":true,"showSkybox":true,"showFlares":true,"showImageEffects":true,"showParticleSystems":true,"showVisualEffectGraphs":true,"m_FxEnabled":true},"in2DMode":false,"pivot":{"x":22.814132690429689,"y":3.280195713043213,"z":-0.14693428575992585},"rotation":{"x":-0.07691992074251175,"y":0.6985272169113159,"z":-0.07595226168632508,"w":-0.7073841691017151},"size":9.149391174316407,"orthographic":false}