{"cameraMode":{"drawMode":0,"name":"Shaded","section":"Shading Mode"},"sceneLighting":false,"audioPlay":false,"sceneViewState":{"m_AlwaysRefresh":false,"showFog":true,"showSkybox":true,"showFlares":true,"showImageEffects":true,"showParticleSystems":true,"showVisualEffectGraphs":true,"m_FxEnabled":true},"in2DMode":false,"pivot":{"x":51.030494689941409,"y":-10.181209564208985,"z":-21.549341201782228},"rotation":{"x":0.018319042399525644,"y":0.9571421146392822,"z":-0.2823012173175812,"w":0.062111131846904758},"size":19.10782241821289,"orthographic":false}